Epoch and iteration,loss
0_0,0.6699729561805725
0_100,0.1253238469362259
1_0,0.08522379398345947
1_100,0.11346213519573212
